City_ID,City,Lat,Lng,Max Temp,Humidity,Cloudiness,Wind Speed,Country,Date
0,vaini,-21.2,-175.2,27.09,83,75,5.14,TO,1679362897
1,jamestown,42.097,-79.2353,4.2,41,0,5.14,US,1679362898
2,port alfred,-33.5906,26.891,17.88,94,41,1.34,ZA,1679362898
3,viedma,-40.8135,-62.9967,15.89,71,76,2.72,AR,1679362899
4,touros,-5.1989,-35.4608,25.0,85,92,2.4,BR,1679362900
5,chuy,-33.6971,-53.4616,18.12,73,0,2.94,UY,1679362900
6,manaure,11.7751,-72.4445,26.04,74,48,8.49,CO,1679362901
7,unisan,13.8392,121.9783,25.85,68,0,0.87,PH,1679362902
8,rikitea,-23.1203,-134.9692,26.61,78,4,5.27,PF,1679362902
9,yar-sale,66.8333,70.8333,-5.02,79,100,10.03,RU,1679362694
10,nikolskoye,59.7035,30.7861,3.94,100,100,0.63,RU,1679362903
11,abu samrah,35.3029,37.1841,9.25,85,83,3.31,SY,1679362904
12,pyaozerskiy,65.8333,31.1667,-16.84,100,55,1.12,RU,1679362904
13,port hardy,50.6996,-127.4199,8.1,100,100,0.0,CA,1679362905
14,atuona,-9.8,-139.0333,26.97,74,2,5.66,PF,1679362652
15,iqaluit,63.7506,-68.5145,-26.84,75,0,10.29,CA,1679362682
16,hobart,-42.8794,147.3294,17.92,55,75,2.57,AU,1679362906
17,lebu,-37.6167,-73.65,12.58,90,17,6.87,CL,1679362907
18,busselton,-33.65,115.3333,26.86,44,23,5.94,AU,1679362907
19,barrow,71.2906,-156.7887,-5.99,79,0,6.69,US,1679362803
20,cabo san lucas,22.8909,-109.9124,25.17,53,20,3.6,MX,1679362909
21,ushuaia,-54.8,-68.3,7.81,87,40,12.35,AR,1679362621
22,serik,36.9169,31.0989,13.19,59,2,2.78,TR,1679362910
23,sobolevo,54.4299,31.8996,0.03,89,100,2.64,RU,1679362911
24,ordzhonikidze,52.4411,61.7408,-13.06,79,76,3.01,KZ,1679362911
25,krasnoselkup,65.7,82.4667,-14.41,96,74,3.63,RU,1679362912
26,talnakh,69.4865,88.3972,-13.83,95,100,6.66,RU,1679362682
27,puerto ayora,-0.7393,-90.3518,26.97,92,65,3.58,EC,1679362913
28,kapaa,22.0752,-159.319,27.99,80,40,6.17,US,1679362914
29,castro,-24.7911,-50.0119,17.5,83,2,0.9,BR,1679362915
30,salalah,17.0151,54.0924,26.05,89,40,1.54,OM,1679362915
31,hilo,19.7297,-155.09,29.04,74,20,6.17,US,1679362916
32,allapalli,19.4167,80.0667,23.26,78,100,1.87,IN,1679362916
33,sinnamary,5.3833,-52.95,24.33,82,100,4.71,GF,1679362917
34,champerico,14.3,-91.9167,28.23,71,67,0.87,GT,1679362917
35,chardara,41.2547,67.9692,11.7,76,7,2.39,KZ,1679362918
36,ankara,39.9199,32.8543,5.11,78,0,1.03,TR,1679362680
37,ngunguru,-35.6167,174.5,22.81,63,100,5.35,NZ,1679362919
38,georgetown,5.4112,100.3354,27.96,83,20,0.0,MY,1679362896
39,yumen,40.2833,97.2,3.05,35,2,8.94,CN,1679362920
40,asau,46.4333,26.4,1.51,71,100,1.53,RO,1679362921
41,nogliki,51.8333,143.1667,2.73,90,15,2.78,RU,1679362922
42,fairfield,41.2668,-73.3162,4.49,70,0,3.09,US,1679362922
43,ulaangom,49.9811,92.0667,-17.59,66,7,0.45,MN,1679362859
44,sheffield,53.383,-1.4659,10.64,92,100,0.89,GB,1679362924
45,souillac,-20.5167,57.5167,23.21,94,20,1.54,MU,1679362925
46,iquique,-20.2208,-70.1431,24.02,86,19,0.76,CL,1679362146
47,te anau,-45.4167,167.7167,9.56,70,72,3.68,NZ,1679362926
48,saldanha,-33.0117,17.9442,16.61,90,55,5.06,ZA,1679362927
49,vardo,70.3705,31.1107,-9.01,79,100,10.29,NO,1679362928
50,solwezi,-12.1688,26.3894,15.62,100,100,1.44,ZM,1679362929
51,kencong,-8.2833,113.3667,28.11,73,100,1.21,ID,1679362930
52,codrington,-38.2667,141.9667,18.36,55,100,2.93,AU,1679362931
53,dimitrovgrad,54.2139,49.6184,1.13,90,98,3.05,RU,1679362935
54,kavieng,-2.5744,150.7967,29.49,57,84,3.46,PG,1679362741
55,port elizabeth,-33.918,25.5701,19.16,84,40,6.17,ZA,1679362936
56,blagoyevo,63.3667,47.9167,0.99,98,100,4.73,RU,1679362937
57,walvis bay,-22.9575,14.5053,16.16,81,0,5.28,NA,1679362938
58,nizhniy kuranakh,58.8353,125.4869,-19.45,88,100,2.65,RU,1679362939
59,egvekinot,66.3167,-179.1667,-8.77,86,100,8.48,RU,1679362940
60,potchefstroom,-26.7167,27.1,15.41,62,2,2.68,ZA,1679362800
61,siavonga,-16.5382,28.7088,22.52,78,100,3.56,ZM,1679362941
62,pauini,-7.7136,-66.9764,21.95,99,100,0.76,BR,1679362943
63,raymondville,26.4815,-97.7831,19.06,79,100,5.22,US,1679362715
64,noyabrsk,63.1994,75.4507,-15.11,96,92,2.94,RU,1679362945
65,bengkulu,-3.8004,102.2655,27.48,72,70,0.83,ID,1679362946
66,kayanza,-3.0667,29.6667,13.85,98,100,0.56,BI,1679362946
67,jalu,29.0331,21.5482,15.51,31,97,4.37,LY,1679362947
68,senanga,-16.1167,23.2667,18.44,94,43,1.7,ZM,1679362948
69,bluff,-46.6,168.3333,10.65,65,100,10.75,NZ,1679362943
70,college,64.8569,-147.8028,5.18,30,20,6.69,US,1679362949
71,sao filipe,14.8961,-24.4956,22.19,80,47,3.72,CV,1679362687
72,ajdabiya,30.7554,20.2263,16.65,29,100,5.57,LY,1679362950
73,bethel,41.3712,-73.414,4.41,63,0,0.45,US,1679362709
74,yarada,17.65,83.2667,22.18,100,75,1.03,IN,1679362951
75,tiksi,71.6872,128.8694,-29.43,96,80,3.8,RU,1679362945
76,mataura,-46.1927,168.8643,8.69,79,100,3.94,NZ,1679362944
77,redwater,33.3582,-94.2544,13.16,53,100,2.58,US,1679362953
78,camocim,-2.9022,-40.8411,23.66,90,100,2.29,BR,1679362956
79,breves,-1.6822,-50.4803,22.1,98,100,1.97,BR,1679362956
80,baghdad,33.3406,44.4009,11.95,82,0,2.06,IQ,1679362814
81,deputatskiy,69.3,139.9,-26.17,81,100,4.43,RU,1679362944
82,aswan,24.0934,32.907,13.61,35,0,4.12,EG,1679362705
83,sao felix do xingu,-6.6447,-51.995,21.86,98,100,0.7,BR,1679362959
84,cape town,-33.9258,18.4232,18.27,88,75,8.23,ZA,1679362943
85,qaanaaq,77.484,-69.3632,-17.98,63,0,4.0,GL,1679362944
86,longyearbyen,78.2186,15.6401,-20.09,54,20,5.14,SJ,1679362921
87,east london,-33.0153,27.9116,22.07,80,100,3.65,ZA,1679362944
88,lavrentiya,65.5833,-171.0,-0.52,97,100,13.42,RU,1679362945
89,atbasar,51.8,68.3333,-22.41,100,26,1.86,KZ,1679362962
90,bambous virieux,-20.3428,57.7575,24.01,94,20,1.54,MU,1679362947
91,altay,47.8667,88.1167,-10.94,68,8,1.12,CN,1679362963
92,hay river,60.8156,-115.7999,-12.01,72,20,6.17,CA,1679362964
93,ilulissat,69.2167,-51.1,-9.99,62,47,2.06,GL,1679362943
94,timberlake,37.3207,-79.2575,3.68,50,0,0.0,US,1679362965
95,hermanus,-34.4187,19.2345,18.78,77,34,6.75,ZA,1679362943
96,xichang,27.8964,102.2634,17.01,53,99,2.16,CN,1679362802
97,saint-philippe,-21.3585,55.7679,23.77,86,100,2.52,RE,1679362945
98,hovd,48.0056,91.6419,-13.72,43,11,1.92,MN,1679362967
99,tamandare,-8.7597,-35.1047,25.57,80,100,0.85,BR,1679362967
100,kirakira,-10.4544,161.9205,28.73,80,80,3.59,SB,1679362946
101,mahebourg,-20.4081,57.7,24.03,94,20,1.54,MU,1679362834
102,nouadhibou,20.931,-17.0347,16.99,88,0,6.69,MR,1679362948
103,husavik,66.0449,-17.3389,-11.16,85,100,4.87,IS,1679362946
104,miles city,46.4083,-105.8406,-1.46,86,0,7.72,US,1679362946
105,krasnovishersk,60.4078,57.082,-1.04,96,100,3.02,RU,1679362970
106,san pedro,14.35,121.0167,29.64,64,20,4.12,PH,1679362970
107,boda,4.3189,17.4695,22.33,71,99,1.12,CF,1679362971
108,albany,42.6001,-73.9662,1.89,51,98,1.75,US,1679362872
109,santa isabel,-23.3156,-46.2214,21.42,93,5,0.81,BR,1679362972
110,krasnyy profintern,57.7446,40.435,3.01,92,100,3.13,RU,1679362973
111,ribeira grande,38.5167,-28.7,15.99,95,98,4.92,PT,1679362944
112,geraldton,-28.7667,114.6,25.23,69,42,3.09,AU,1679362807
113,shingu,33.7333,135.9833,16.1,74,100,1.75,JP,1679362947
114,uruguaiana,-29.7547,-57.0883,25.96,83,0,2.06,BR,1679362974
115,dikson,73.5069,80.5464,-15.53,96,100,4.25,RU,1679362944
116,craig,40.5153,-107.5464,1.97,80,40,2.57,US,1679362975
117,bani walid,31.7566,13.9942,18.64,36,100,2.34,LY,1679362976
118,san carlos de bariloche,-41.1456,-71.3082,14.69,36,0,3.09,AR,1679362977
119,ostrovnoy,68.0531,39.5131,-5.78,88,66,13.77,RU,1679362944
120,avarua,-21.2078,-159.775,29.03,79,20,4.63,CK,1679362944
121,tucuman,-26.8241,-65.2226,28.0,61,100,3.09,AR,1679362979
122,dingle,10.9995,122.6711,28.07,64,49,3.98,PH,1679362948
123,taoudenni,22.6783,-3.9836,21.9,27,0,4.49,ML,1679362945
124,cherskiy,68.75,161.3,-23.39,86,100,7.19,RU,1679362943
125,punta arenas,-53.15,-70.9167,10.06,76,40,11.83,CL,1679362522
126,pevek,69.7008,170.3133,-23.66,82,100,7.62,RU,1679362981
127,tautira,-17.7333,-149.15,27.62,77,86,5.66,PF,1679362982
128,el viejo,12.6633,-87.1672,28.4,62,84,0.91,NI,1679362982
129,la ronge,55.1001,-105.2842,-6.86,53,75,3.6,CA,1679362946
130,ridgecrest,35.6225,-117.6709,16.92,44,75,7.2,US,1679362984
131,butaritari,3.0707,172.7902,27.17,79,12,5.46,KI,1679362944
132,sosnovo-ozerskoye,52.5249,111.5418,-7.45,90,100,5.1,RU,1679362985
133,bathurst,-33.4166,149.5806,23.79,58,100,1.79,AU,1679362986
134,kodiak,57.79,-152.4072,0.73,93,100,8.23,US,1679362944
135,clyde river,70.4692,-68.5914,-21.87,77,100,6.69,CA,1679362947
136,asmar,35.0333,71.3581,13.19,54,100,3.16,AF,1679362988
137,nuuk,64.1835,-51.7216,-12.13,75,5,3.52,GL,1679362988
138,narsaq,60.9167,-46.05,2.12,66,100,4.83,GL,1679362945
139,katherine,-14.4667,132.2667,30.18,62,100,5.66,AU,1679362990
140,puerto quijarro,-17.7833,-57.7667,22.06,99,100,1.99,BO,1679362990
141,ternate,0.8,127.4,29.17,71,85,0.4,ID,1679362943
142,carutapera,-1.195,-46.02,23.02,95,100,2.47,BR,1679362991
143,jishou,28.3167,109.7167,11.77,91,100,0.42,CN,1679362992
144,wanaka,-44.7,169.15,8.42,83,100,3.6,NZ,1679362993
145,eureka,40.8021,-124.1637,10.52,67,96,0.89,US,1679362726
146,batemans bay,-35.7167,150.1833,19.5,60,100,2.73,AU,1679362946
147,broome,42.2506,-75.833,2.44,57,23,1.34,US,1679362848
148,ponta do sol,32.6667,-17.1,17.35,80,34,2.47,PT,1679362800
149,rabo de peixe,37.8,-25.5833,14.73,82,20,4.63,PT,1679362996
150,kedrovyy,56.1667,91.8167,-19.77,79,100,3.22,RU,1679362996
151,kruisfontein,-34.0033,24.7314,16.6,92,1,1.71,ZA,1679362943
152,dryden,49.7833,-92.7503,-8.84,29,0,1.54,CA,1679362998
153,kokstad,-30.5472,29.4241,17.51,58,98,2.37,ZA,1679362999
154,ixtapa,20.7,-105.2,24.57,69,20,3.6,MX,1679363000
155,saint-pierre,-21.3393,55.4781,24.2,83,20,2.57,RE,1679363001
156,sitka,57.0531,-135.33,5.94,70,100,5.66,US,1679362944
157,bay roberts,47.5999,-53.2648,-0.93,73,100,8.94,CA,1679363002
158,ferrol,43.4832,-8.2369,13.71,84,93,3.77,ES,1679362730
159,high level,58.5169,-117.136,0.06,37,40,2.06,CA,1679362943
160,hithadhoo,-0.6,73.0833,27.91,74,89,3.46,MV,1679362944
161,kolondieba,11.0882,-6.8926,29.74,21,88,1.14,ML,1679363005
162,ayan,56.45,138.1667,-6.07,70,100,4.25,RU,1679363006
163,padang,-0.9492,100.3543,24.03,89,100,3.35,ID,1679362850
164,hasaki,35.7333,140.8333,19.05,81,100,7.95,JP,1679362948
165,constantine,36.365,6.6147,4.67,93,40,2.06,DZ,1679362943
166,lithakia,37.7167,20.8333,8.65,71,100,2.89,GR,1679363008
167,tuktoyaktuk,69.4541,-133.0374,-7.0,79,75,4.63,CA,1679362945
168,torbay,47.6666,-52.7314,-1.35,77,100,21.09,CA,1679362944
169,alice springs,-23.7,133.8833,32.75,40,0,3.09,AU,1679363008
170,onega,63.9061,38.1404,-3.53,94,100,2.18,RU,1679363010
171,aviles,43.5547,-5.9248,11.77,86,100,3.6,ES,1679362945
172,bathsheba,13.2167,-59.5167,26.34,73,40,9.77,BB,1679362944
173,fortuna,40.5982,-124.1573,10.37,65,0,1.79,US,1679362665
174,tipuani,-15.5648,-68.0185,20.94,97,100,0.9,BO,1679363012
175,coihueco,-36.6167,-71.8333,18.41,34,0,2.06,CL,1679363013
176,provideniya,64.3833,-173.3,0.56,98,100,3.35,RU,1679362948
177,adilpur,27.937,69.3187,22.49,46,3,2.95,PK,1679363014
178,olafsvik,64.8945,-23.7142,-1.53,75,100,11.64,IS,1679362946
179,porto novo,6.4965,2.6036,28.9,76,71,3.68,BJ,1679363016
180,upernavik,72.7868,-56.1549,-27.74,99,89,4.9,GL,1679362945
181,leningradskiy,69.3833,178.4167,-19.49,97,100,9.99,RU,1679362946
182,jizan,17.3333,42.6667,24.52,55,0,0.5,SA,1679363018
183,arraial do cabo,-22.9661,-42.0278,24.98,88,0,4.12,BR,1679362944
184,mar del plata,-38.0023,-57.5575,18.3,73,0,1.54,AR,1679362703
185,yellowknife,62.456,-114.3525,-9.71,48,20,4.63,CA,1679362758
186,kankan,10.3854,-9.3057,28.43,25,49,3.33,GN,1679363020
187,kjollefjord,70.9457,27.3465,-2.97,68,20,9.26,NO,1679363020
188,asyut,27.181,31.1837,12.1,70,0,2.33,EG,1679363021
189,sambava,-14.2667,50.1667,24.03,90,100,3.56,MG,1679363021
190,nyrob,60.733,56.7202,-1.48,96,100,3.63,RU,1679363022
191,sabang,5.8933,95.3214,27.96,75,99,5.33,ID,1679363023
192,kenai,60.5544,-151.2583,3.05,76,100,4.12,US,1679362948
193,livingston,55.9029,-3.5226,9.71,89,75,1.54,GB,1679363024
194,saskylakh,71.9167,114.0833,-30.38,88,7,3.28,RU,1679362944
195,lodwar,3.1191,35.5973,27.21,51,100,1.43,KE,1679363025
196,dafeng,23.4517,108.5881,25.86,72,98,3.39,CN,1679363026
197,santo andre,-23.6639,-46.5383,23.4,82,0,3.6,BR,1679363026
198,alenquer,-1.9417,-54.7383,24.63,83,100,1.38,BR,1679363027
199,coihaique,-45.5752,-72.0662,8.97,81,0,2.57,CL,1679362949
200,zaysan,47.4667,84.8667,-9.87,59,27,1.15,KZ,1679363028
201,baykit,61.67,96.37,-20.63,98,100,1.38,RU,1679362943
202,taikang,46.8333,124.4167,9.19,28,15,2.71,CN,1679363029
203,hostotipaquillo,21.0667,-104.0667,18.34,36,0,2.58,MX,1679363029
204,hatillo,18.4863,-66.8254,25.29,83,3,1.34,PR,1679363030
205,sokolo,14.7328,-6.1219,27.31,16,0,4.02,ML,1679363031
206,pisco,-13.7,-76.2167,23.03,83,0,3.09,PE,1679362943
207,flin flon,54.7682,-101.865,-13.2,95,100,2.6,CA,1679362944
208,bredasdorp,-34.5322,20.0403,17.02,64,4,4.13,ZA,1679362943
209,bolshoy kamen,43.1225,132.3583,1.94,49,10,1.52,RU,1679363032
210,andenes,69.3143,16.1194,-1.01,93,100,8.23,NO,1679362948
211,severo-kurilsk,50.6789,156.125,-0.3,72,20,6.53,RU,1679362666
212,thompson,55.7435,-97.8558,-12.91,61,75,1.54,CA,1679362667
213,victoria,22.2855,114.1577,25.11,84,100,0.89,HK,1679362944
214,claresholm,50.0333,-113.5852,1.95,55,6,3.09,CA,1679363034
215,meulaboh,4.1363,96.1285,25.9,87,100,3.72,ID,1679362945
216,stepantsevo,56.1314,41.7032,0.29,99,100,1.41,RU,1679363035
217,soyo,-6.1349,12.3689,25.78,83,94,1.5,AO,1679363036
218,kasane,-17.8167,25.15,17.38,90,20,0.5,BW,1679363037
219,mugur-aksy,50.35,90.5,-18.43,45,13,1.16,RU,1679363037
220,banamba,13.55,-7.45,24.92,15,0,4.45,ML,1679362947
221,marrakesh,31.6315,-8.0083,14.04,58,0,3.6,MA,1679363033
222,aklavik,68.2191,-135.0107,-5.2,92,100,4.56,CA,1679363038
223,prabumulih,-3.45,104.25,26.12,87,98,0.93,ID,1679363039
224,ikare,7.4913,5.2322,23.66,90,91,2.21,NG,1679363040
225,vicuna,-30.0319,-70.7081,13.85,73,0,0.27,CL,1679363040
226,hamilton,39.1834,-84.5333,6.35,40,0,4.12,US,1679362304
227,chokurdakh,70.6333,147.9167,-26.99,92,100,8.68,RU,1679362946
228,dudinka,69.4058,86.1778,-10.18,95,100,6.34,RU,1679363042
229,bembereke,10.2283,2.6634,25.2,58,42,2.31,BJ,1679363043
230,nanortalik,60.1432,-45.2371,-2.68,77,100,3.81,GL,1679362944
231,labuhan,-6.8844,112.2051,28.15,73,100,1.55,ID,1679363045
232,tasiilaq,65.6145,-37.6368,-5.91,68,91,2.92,GL,1679362945
233,manga,11.6636,-1.0731,30.24,35,94,2.41,BF,1679363046
234,krasnooktyabrskiy,44.9328,38.3712,8.94,84,99,3.33,RU,1679363047
235,new norfolk,-42.7826,147.0587,17.73,39,100,1.0,AU,1679362944
236,tomatlan,19.9333,-105.25,20.26,77,0,1.23,MX,1679363048
237,hualmay,-11.0964,-77.6139,23.9,82,100,2.91,PE,1679362785
238,oktyabrskiy,54.4815,53.471,-4.75,92,62,2.75,RU,1679363049
239,panjakent,39.4952,67.6093,7.19,59,0,3.79,TJ,1679362947
240,rawson,-43.3002,-65.1023,14.86,59,100,4.34,AR,1679362949
241,aleksandrov gay,50.147,48.5704,5.45,68,100,3.47,RU,1679363052
242,esperance,-33.8667,121.9,23.25,58,12,5.31,AU,1679362947
243,umm kaddadah,13.6017,26.6876,21.24,17,74,6.23,SD,1679363053
244,dunedin,-45.8742,170.5036,9.81,79,100,11.62,NZ,1679362945
245,sao joao da barra,-21.6403,-41.0511,25.21,86,88,7.3,BR,1679362946
246,norman wells,65.282,-126.8329,-3.98,58,20,6.17,CA,1679362944
247,thinadhoo,0.5333,72.9333,27.49,77,100,4.09,MV,1679362945
248,finote selam,10.7,37.2667,15.14,28,79,1.61,ET,1679363058
249,ust-ilimsk,58.0006,102.6619,-17.15,86,56,0.89,RU,1679363058
250,hofn,64.2539,-15.2082,-2.77,82,100,11.41,IS,1679363059
251,ancud,-41.8697,-73.8203,9.45,87,100,1.86,CL,1679362947
252,san cristobal,7.7669,-72.225,22.1,77,100,0.95,VE,1679362947
253,la primavera,5.4906,-70.4092,28.82,34,100,2.45,CO,1679363061
254,noumea,-22.2763,166.4572,28.99,64,5,7.95,NC,1679362853
255,kambove,-10.8764,26.5969,15.0,97,100,1.74,CD,1679363062
256,marabba,12.35,32.1833,23.63,14,15,5.55,SD,1679363063
257,nome,64.5011,-165.4064,-0.96,93,100,14.4,US,1679363064
258,birjand,32.8663,59.2211,12.26,35,38,8.23,IR,1679363065
259,yulara,-25.2406,130.9889,34.85,17,33,4.92,AU,1679362653
260,ozernovskiy,51.5,156.5167,-1.37,69,60,5.09,RU,1679363066
261,caraz,-9.0486,-77.81,15.03,85,99,0.62,PE,1679363066
262,bafoulabe,13.8065,-10.8321,29.35,13,0,1.86,ML,1679363067
263,kahului,20.8947,-156.47,29.01,63,40,8.23,US,1679362777
264,vigrestad,58.5667,5.7,2.2,83,99,2.7,NO,1679363068
265,camacha,33.0833,-16.3333,14.68,67,40,4.12,PT,1679363069
266,nanga eboko,4.6833,12.3667,20.93,95,97,1.33,CM,1679363070
267,abu dhabi,24.4667,54.3667,24.97,43,0,2.57,AE,1679362946
268,moerai,-22.4333,-151.3333,27.44,74,53,4.39,PF,1679363071
269,westport,41.1415,-73.3579,5.52,73,0,3.09,US,1679362731
270,airai,-8.9266,125.4092,22.42,63,81,1.14,TL,1679362944
271,toma,12.7667,-2.8833,25.97,12,8,3.54,BF,1679363075
272,lahad datu,5.0268,118.327,28.81,70,100,2.07,MY,1679363076
273,varkaus,62.3153,27.873,-3.72,98,15,1.2,FI,1679363076
274,srednekolymsk,67.45,153.6833,-23.34,89,100,8.65,RU,1679362917
275,faya,18.3851,42.4509,12.06,29,88,2.78,SA,1679363077
276,cidreira,-30.1811,-50.2056,22.86,93,73,2.38,BR,1679362946
277,burgos,42.3394,-3.7079,3.23,75,0,0.0,ES,1679363078
278,alyangula,-13.8483,136.4192,28.76,75,100,4.64,AU,1679363079
279,nueva germania,-23.9,-56.5667,22.72,86,19,1.65,PY,1679363080
280,monte carmelo,-18.7247,-47.4986,18.64,88,84,1.59,BR,1679363080
281,ongole,15.5,80.05,26.48,79,14,3.19,IN,1679363081
282,sibolga,1.7427,98.7792,24.44,89,100,1.26,ID,1679363082
283,nyurba,63.2842,118.3319,-26.59,92,62,2.12,RU,1679363083
284,luderitz,-26.6481,15.1594,15.26,78,0,3.15,NA,1679363084
285,ribeira do pombal,-10.8344,-38.5358,22.51,91,97,1.37,BR,1679363084
286,marienburg,54.0359,19.0266,7.69,87,100,3.39,PL,1679363085
287,nantucket,41.2835,-70.0995,4.03,74,0,7.2,US,1679363086
288,taraza,7.5836,-75.4007,25.16,89,100,1.07,CO,1679363086
289,omsukchan,62.5333,155.8,-21.66,80,41,2.08,RU,1679362944
290,zemio,5.0314,25.1361,19.95,81,100,1.58,CF,1679363087
291,lewisburg,35.4492,-86.7889,5.44,58,0,0.0,US,1679362790
292,roebourne,-20.7833,117.1333,33.44,49,4,2.81,AU,1679363088
293,sterling,39.0062,-77.4286,7.3,41,0,2.24,US,1679363089
294,port hedland,-20.3167,118.5667,33.03,66,13,2.57,AU,1679362528
295,pakxe,15.1167,105.7833,27.08,69,20,2.06,LA,1679363090
296,saint-joseph,-21.3667,55.6167,23.59,85,100,2.66,RE,1679362947
297,bukama,-9.2,25.85,19.72,99,100,0.63,CD,1679363091
298,general roca,-39.0333,-67.5833,19.23,30,69,7.72,AR,1679362946
299,tubajon,10.3317,125.5619,26.79,70,81,2.87,PH,1679363091
300,newport,51.5877,-2.9984,10.25,94,100,6.83,GB,1679362981
301,carnarvon,-24.8667,113.6333,25.53,66,6,8.05,AU,1679362944
302,avera,33.194,-82.5271,5.73,46,100,2.65,US,1679363093
303,evensk,61.95,159.2333,-15.33,65,10,3.29,RU,1679363097
304,tuatapere,-46.1333,167.6833,10.43,68,89,5.87,NZ,1679362946
305,san matias,-16.3667,-58.4,21.94,99,100,2.16,BO,1679363098
306,opuwo,-18.0607,13.84,18.54,46,64,1.23,NA,1679363099
307,mount isa,-20.7333,139.5,31.87,45,40,6.17,AU,1679363099
308,oriximina,-1.7656,-55.8661,25.06,84,100,1.55,BR,1679363100
309,praia da vitoria,38.7333,-27.0667,15.98,88,20,4.3,PT,1679362949
310,algiers,36.7525,3.042,7.9,93,20,2.06,DZ,1679363005
311,baicheng,45.6167,122.8167,12.37,20,43,3.1,CN,1679363103
312,ulladulla,-35.35,150.4667,19.32,60,100,3.37,AU,1679363102
313,lethem,3.3803,-59.7968,26.7,58,57,6.32,GY,1679363106
314,port lincoln,-34.7333,135.8667,21.34,62,0,3.68,AU,1679362944
315,lloydminster,53.2835,-110.0016,-6.88,79,75,6.69,CA,1679363107
316,boddam,57.4667,-1.7833,7.21,97,100,7.53,GB,1679363109
317,bilibino,68.0546,166.4372,-23.1,89,98,2.26,RU,1679362949
318,nosy varika,-20.5833,48.5333,22.93,92,100,1.79,MG,1679363110
319,auka,14.9333,-83.8333,23.35,88,6,1.71,HN,1679363112
320,faanui,-16.4833,-151.75,27.92,72,7,5.76,PF,1679362947
321,lata,40.1629,-8.3327,9.95,94,100,1.12,PT,1679362914
322,buala,-8.145,159.5921,28.79,74,98,4.41,SB,1679362945
323,fare,-16.7,-151.0167,27.64,74,89,6.0,PF,1679363115
324,ubinskoye,55.3068,79.6802,-12.82,95,97,3.83,RU,1679363116
325,bundaberg,-24.85,152.35,30.68,59,6,2.68,AU,1679362947
326,hun,29.1268,15.9477,21.59,18,100,6.91,LY,1679363118
327,grand gaube,-20.0064,57.6608,24.1,81,68,1.34,MU,1679362944
328,afrikanda,67.4429,32.7828,-17.57,99,61,1.77,RU,1679363120
329,camana,-16.6228,-72.7111,23.56,83,60,2.27,PE,1679363121
330,lompoc,34.6391,-120.4579,13.34,81,20,1.54,US,1679362944
331,sola,-13.8833,167.55,28.09,68,50,0.22,VU,1679362948
332,kavaratti,10.5669,72.642,27.81,54,37,3.56,IN,1679362944
333,srandakan,-7.9386,110.2506,28.23,74,100,1.61,ID,1679363123
334,khatanga,71.9667,102.5,-28.05,90,100,2.07,RU,1679362945
335,chabahar,25.2919,60.643,22.83,76,5,3.32,IR,1679363125
336,kamenka,51.3223,42.7678,4.98,70,92,3.01,RU,1679363126
337,gat,31.61,34.7642,13.55,84,46,1.9,IL,1679362944
338,khandyga,62.6667,135.6,-26.23,92,100,2.0,RU,1679362945
339,lagoa,39.05,-27.9833,15.71,81,93,6.27,PT,1679362945
340,senador jose porfirio,-2.5908,-51.9542,22.95,94,100,2.54,BR,1679363128
341,santa isabel do rio negro,-0.4139,-65.0192,24.64,76,99,0.49,BR,1679363129
342,beyneu,45.3167,55.2,4.4,67,0,4.87,KZ,1679362944
343,marzuq,14.4,46.4667,22.46,43,11,1.33,YE,1679363130
344,zhezkazgan,47.8043,67.7144,-8.01,86,0,5.0,KZ,1679363131
345,abeche,13.8292,20.8324,25.44,14,63,4.86,TD,1679363132
346,priiskovyy,51.9333,116.6333,-1.99,88,94,1.32,RU,1679363133
347,khorixas,-20.3667,14.9667,17.92,50,25,1.83,NA,1679362947
348,ponta delgada,37.7333,-25.6667,15.4,82,40,3.09,PT,1679362948
349,aitape,-3.1374,142.3475,29.62,70,98,3.05,PG,1679363135
350,los llanos de aridane,28.6585,-17.9182,16.86,79,100,6.69,ES,1679362946
351,merauke,-8.4667,140.3333,28.3,71,96,2.97,ID,1679363137
352,pacific grove,36.6177,-121.9166,12.34,71,100,2.06,US,1679363137
353,kamuli,0.9472,33.1197,16.79,99,100,0.28,UG,1679363139
354,columbus,39.9612,-82.9988,6.29,46,20,3.6,US,1679363014
355,cabedelo,-6.9811,-34.8339,26.37,83,60,2.26,BR,1679362949
356,fort nelson,58.8053,-122.7002,5.77,42,0,3.6,CA,1679363144
357,imeni poliny osipenko,52.4201,136.4853,0.84,97,95,3.52,RU,1679363144
358,leshukonskoye,64.8989,45.7622,-1.41,90,100,3.58,RU,1679363145
359,grootfontein,-19.5667,18.1167,19.76,60,88,1.54,NA,1679363146
360,lasa,46.6166,10.7002,4.83,68,34,1.32,IT,1679363146
361,petropavlovsk-kamchatskiy,53.0452,158.6483,-1.67,43,20,7.0,RU,1679362944
362,esna,25.2934,32.554,14.01,41,0,3.85,EG,1679363147
363,yangjiang,21.85,111.9667,24.02,81,100,4.25,CN,1679362629
364,big spring,32.2504,-101.4787,10.69,68,0,10.29,US,1679363148
365,pangai,-19.8,-174.35,28.06,74,75,3.6,TO,1679363149
366,whitefish,48.4111,-114.3376,4.86,45,0,6.69,US,1679362868
367,garowe,8.4054,48.4845,24.99,77,72,6.33,SO,1679363150
368,jaen,38.0,-3.5,11.76,56,47,0.66,ES,1679363151
369,brae,60.3964,-1.353,5.27,95,100,10.15,GB,1679363151
370,antofagasta,-23.65,-70.4,21.6,81,14,0.12,CL,1679362729
371,sinop,41.7711,34.8709,2.66,88,6,1.12,TR,1679363153
372,chapais,49.7834,-74.8492,-12.12,98,77,1.65,CA,1679362943
373,buta,2.7858,24.73,19.2,96,100,0.43,CD,1679363154
374,la huacana,18.9667,-101.8167,24.51,30,0,1.84,MX,1679363154
375,portland,45.5234,-122.6762,9.99,87,100,4.63,US,1679362994
376,morro bay,35.3658,-120.8499,13.49,85,100,1.79,US,1679363156
377,shakawe,-18.3667,21.85,19.1,79,15,1.79,BW,1679363156
378,isangel,-19.55,169.2667,28.09,73,68,7.38,VU,1679363157
379,adrar,20.5022,-10.0711,20.73,15,0,4.43,MR,1679362947
380,pangody,65.85,74.4859,-10.47,95,100,5.02,RU,1679363158
381,salta,-24.7859,-65.4117,24.33,76,75,3.09,AR,1679363159
382,biak,-0.9131,122.8766,26.48,79,100,1.03,ID,1679363159
383,zinder,13.8072,8.9881,26.8,39,100,4.63,NE,1679363160
384,calabozo,8.9242,-67.4293,28.88,44,4,5.02,VE,1679363161
385,ust-nera,64.5667,143.2,-20.51,83,97,3.45,RU,1679363162
386,puerto escondido,15.85,-97.0667,27.46,74,40,1.54,MX,1679362946
387,sorland,67.667,12.6934,0.92,68,100,10.27,NO,1679363163
388,makakilo city,21.3469,-158.0858,27.18,66,0,7.2,US,1679363165
389,coahuayana,18.7333,-103.6833,22.32,68,0,0.47,MX,1679363166
390,port moresby,-9.4431,147.1797,31.68,58,20,2.06,PG,1679362930
391,kieta,-6.2167,155.6333,29.84,61,17,3.84,PG,1679362947
392,valle de allende,26.9333,-105.4,17.44,31,41,3.55,MX,1679363169
393,sindor,62.8629,51.8905,0.03,94,100,5.0,RU,1679363169
394,killybegs,54.6333,-8.45,8.98,94,100,4.49,IE,1679362946
395,buchanan,5.8808,-10.0467,25.94,86,53,3.15,LR,1679363171
396,pochutla,15.7432,-96.4661,24.63,67,5,1.87,MX,1679363172
397,puerto vallarta,20.6204,-105.2307,24.95,69,20,3.6,MX,1679363173
398,mandalgovi,45.7625,106.2708,-7.65,60,96,11.5,MN,1679362949
399,cariamanga,-4.3333,-79.55,10.93,97,50,0.75,EC,1679363174
400,bosaso,11.2842,49.1816,27.83,72,9,2.16,SO,1679363175
401,pangani,-5.4333,38.9667,23.46,88,87,3.82,TZ,1679363176
402,nayoro,44.3506,142.4578,8.76,55,99,2.58,JP,1679363177
403,namibe,-15.1961,12.1522,22.79,72,100,2.63,AO,1679362946
404,taksimo,56.3444,114.8794,-10.98,59,100,2.8,RU,1679362992
405,yaan,7.3833,8.5667,27.62,64,92,4.57,NG,1679363178
406,hutang,31.5333,119.4833,12.76,95,100,2.59,CN,1679363179
407,kaitangata,-46.2817,169.8464,9.74,72,100,7.82,NZ,1679362946
408,trelew,-43.249,-65.3051,14.63,57,100,4.18,AR,1679363180
409,tazovskiy,67.4667,78.7,-13.12,94,100,4.17,RU,1679363181
410,conde,-7.2597,-34.9075,25.7,89,0,1.03,BR,1679362949
411,muroran,42.3172,140.9881,6.96,76,1,0.72,JP,1679363024
412,waingapu,-9.6567,120.2641,28.99,72,43,3.63,ID,1679362948
413,dwarka,22.2394,68.9678,24.22,73,0,2.8,IN,1679363183
414,mangai,-4.05,19.5333,20.55,100,100,1.31,CD,1679362949
415,novaya ladoga,60.1025,32.3019,1.47,99,100,1.94,RU,1679363185
416,krasnorechenskiy,44.6265,135.3532,9.76,43,8,1.09,RU,1679363186
417,bahia blanca,-38.7196,-62.2724,20.46,78,91,1.79,AR,1679363187
418,cayenne,4.9333,-52.3333,24.02,88,75,1.03,GF,1679363188
419,rusape,-18.5278,32.1284,11.63,94,11,0.34,ZW,1679363189
420,margate,51.3813,1.3862,9.27,90,100,1.79,GB,1679363189
421,azoyu,16.7167,-98.7333,23.44,72,64,0.36,MX,1679363190
422,rabaul,-4.1967,152.1721,28.35,64,7,2.73,PG,1679362944
423,macusani,-14.0833,-70.4333,1.99,92,100,0.49,PE,1679363192
424,gaoyou,32.7858,119.4278,13.07,86,100,2.56,CN,1679363193
425,thaba-tseka,-29.522,28.6084,11.56,71,100,1.19,LS,1679363193
426,caravelas,-17.7125,-39.2481,23.9,91,60,2.62,BR,1679362944
427,vestmannaeyjar,63.4427,-20.2734,1.01,67,100,10.68,IS,1679362946
428,minas de barroteran,27.6333,-101.2833,12.3,74,24,6.0,MX,1679363195
429,okha,53.5739,142.9478,0.66,98,100,2.77,RU,1679362945
430,lugovoy,42.9472,72.7644,2.06,63,21,0.95,KZ,1679363197
431,san quintin,30.4833,-115.95,14.85,82,77,6.18,MX,1679363198
432,mantua,45.1667,10.7833,8.58,75,12,2.39,IT,1679362946
433,ekhabi,53.5102,142.9671,0.76,99,100,2.82,RU,1679363199
434,larap,14.299,122.6504,28.01,59,49,2.69,PH,1679363200
435,ennis,52.8436,-8.9864,8.96,93,75,3.09,IE,1679362951
436,seoul,37.5683,126.9778,12.78,30,0,2.06,KR,1679362800
437,thunder bay,48.4001,-89.3168,-7.01,49,20,4.12,CA,1679363127
438,hobyo,5.3505,48.5268,27.82,75,97,5.74,SO,1679363202
439,byron bay,-28.65,153.6167,25.39,64,100,4.18,AU,1679363133
440,itarema,-2.9248,-39.9167,23.3,94,100,2.07,BR,1679362945
441,ovalle,-30.5983,-71.2003,21.82,70,0,1.3,CL,1679362753
442,henties bay,-22.116,14.2845,16.41,87,0,2.89,NA,1679362944
443,kembe,4.6228,21.8865,20.05,83,97,0.66,CF,1679363204
444,serowe,-22.3833,26.7167,16.13,76,0,3.21,BW,1679363205
445,langsa,4.4683,97.9683,27.43,79,100,0.12,ID,1679363205
446,sulya,12.5667,75.3833,21.14,63,4,0.98,IN,1679363207
447,svetlyy,54.675,20.1347,5.03,94,100,4.87,RU,1679363208
448,korla,41.7597,86.1469,5.75,43,88,2.35,CN,1679362948
449,anloga,5.7947,0.8973,28.0,74,73,5.57,GH,1679363209
450,luchegorsk,46.4764,134.2569,6.95,51,6,2.88,RU,1679363210
451,lazaro cardenas,17.9583,-102.2,24.41,64,0,3.1,MX,1679362829
452,san luis,-33.295,-66.3356,18.89,89,42,5.48,AR,1679363211
453,mackenzie,55.2999,-123.1698,8.12,31,0,2.06,CA,1679363142
454,vaasa,63.096,21.6158,-2.75,88,0,2.68,FI,1679363212
455,pundaguitan,6.3711,126.1689,27.49,76,72,5.19,PH,1679363212
456,skjervoy,70.0311,20.9714,-4.0,66,100,1.03,NO,1679363213
457,babu,24.4167,111.5167,24.54,70,100,2.55,CN,1679363214
458,tsuruoka,38.7217,139.8217,16.02,39,40,2.57,JP,1679363214
459,kormilovka,55.0026,74.1028,-16.16,91,88,2.93,RU,1679363215
460,tabuk,17.4189,121.4443,27.89,60,3,2.83,PH,1679363215
461,thabazimbi,-24.5917,27.4116,20.67,72,0,1.68,ZA,1679363216
462,west bay,19.3667,-81.4167,25.04,84,75,3.09,KY,1679363006
463,morehead,37.2711,-87.1764,4.88,58,0,0.0,US,1679363217
464,vostok,46.4856,135.8833,7.57,60,28,1.21,RU,1679363218
465,manati,18.4275,-66.4921,25.38,84,0,3.35,PR,1679363218
466,baltay,52.4652,46.6308,2.49,80,9,2.85,RU,1679363219
467,cam ranh,11.9214,109.1591,27.98,69,0,0.51,VN,1679363220
468,banfora,10.6333,-4.7667,29.64,34,95,1.99,BF,1679363220
469,chumikan,54.7183,135.315,-3.01,94,97,3.37,RU,1679362946
470,havoysund,70.9963,24.6622,-2.87,69,100,1.92,NO,1679362948
471,naze,28.3667,129.4833,19.51,78,100,6.8,JP,1679363222
472,otradnoye,59.7775,30.8181,4.03,100,100,0.73,RU,1679363223
473,slavonice,48.9975,15.3515,7.57,87,89,3.71,CZ,1679363223
474,hella,67.2,14.4333,0.03,83,40,13.89,NO,1679363224
475,bubaque,11.2833,-15.8333,24.8,71,0,5.22,GW,1679363225
476,farsund,58.0948,6.8047,2.75,75,99,1.65,NO,1679363226
477,natal,-5.795,-35.2094,25.36,88,20,1.54,BR,1679363227
478,hambantota,6.1241,81.1185,23.19,100,40,1.03,LK,1679362945
479,finnsnes,69.2296,17.9811,-3.66,96,71,1.55,NO,1679363228
480,progreso,21.2833,-89.6667,22.28,67,91,5.73,MX,1679363230
481,jacqueville,5.2052,-4.4146,26.86,85,72,5.7,CI,1679363231
482,sierra vista,31.5545,-110.3037,16.48,41,100,11.83,US,1679363232
483,moree,-29.4667,149.85,26.68,53,100,3.18,AU,1679362943
484,maarianhamina,60.0973,19.9348,-1.08,100,100,1.03,AX,1679363235
485,naryan-mar,67.6713,53.087,-3.12,83,94,9.43,RU,1679363236
486,laurel,39.0993,-76.8483,7.26,48,0,3.09,US,1679363134
487,kesan,40.8558,26.6303,7.74,79,79,1.21,TR,1679363238
488,pingliang,35.5392,106.6861,13.44,30,2,3.56,CN,1679363238
489,sur,22.5667,59.5289,24.9,65,30,2.39,OM,1679362946
490,boende,-0.2167,20.8667,19.78,99,100,0.39,CD,1679363240
491,rome,34.257,-85.1647,7.23,58,0,0.0,US,1679363148
492,zaragoza,41.6561,-0.8773,11.59,47,0,2.24,ES,1679363058
493,broken hill,-31.95,141.4333,28.31,30,51,3.78,AU,1679363243
494,yerofey pavlovich,53.9667,121.9667,0.48,89,100,0.47,RU,1679363244
495,filadelfia,39.9523,-75.1638,7.28,45,0,3.6,US,1679362966
496,kupino,54.3663,77.2981,-15.8,91,99,3.38,RU,1679363245
497,jackson,42.4165,-122.8345,11.93,40,0,2.57,US,1679363243
498,williamsburg,37.2707,-76.7075,4.0,70,0,0.45,US,1679363247
499,tessalit,20.1986,1.0114,19.71,26,0,4.2,ML,1679363247
500,elizabeth city,36.2946,-76.2511,3.34,75,0,2.57,US,1679363220
501,batetskiy,58.6461,30.3027,1.77,99,100,2.79,RU,1679363249
502,tengelic,46.5288,18.7112,9.04,84,37,3.02,HU,1679363251
503,redmond,47.674,-122.1215,12.25,81,100,0.45,US,1679363142
504,yining,29.0361,114.5636,13.91,97,100,0.25,CN,1679362791
505,arman,59.7,150.1667,-11.5,62,0,1.48,RU,1679363252
506,lahaina,20.8783,-156.6825,29.0,76,100,4.89,US,1679363255
507,maceio,-9.6658,-35.7353,24.69,94,75,1.54,BR,1679362946
508,road town,18.4167,-64.6167,26.05,78,40,4.12,VG,1679363180
509,okhotsk,59.3833,143.3,-14.2,66,97,7.39,RU,1679362948
510,soe,-9.8607,124.284,25.64,62,98,1.77,ID,1679363257
511,tuy hoa,13.0833,109.3,27.62,65,12,1.44,VN,1679363258
512,san patricio,28.017,-97.5169,18.92,84,100,4.82,US,1679362945
513,pangoa,-12.1167,-73.0,19.87,93,100,0.85,PE,1679363259
514,alibunar,45.0808,20.9658,10.45,81,100,2.61,RS,1679363260
515,hami,42.8,93.45,3.61,27,0,7.94,CN,1679362948
516,moose factory,51.2585,-80.6094,-14.01,72,100,2.57,CA,1679363261
517,tual,-5.6667,132.75,28.36,72,100,1.07,ID,1679363246
518,linxia,35.6003,103.2064,8.67,26,100,2.92,CN,1679362947
519,singkang,2.1006,102.7994,26.57,83,100,1.08,MY,1679363263
520,namatanai,-3.6667,152.4333,29.77,52,14,2.54,PG,1679362944
521,tooele,40.5308,-112.2983,4.51,59,40,2.06,US,1679363143
522,kapuskasing,49.4169,-82.4331,-13.95,72,20,4.63,CA,1679363265
523,khani,41.9563,42.9566,3.76,99,100,1.11,GE,1679362948
524,anadyr,64.75,177.4833,-6.72,92,75,12.0,RU,1679363246
525,rocky mountain house,52.3668,-114.9188,2.06,41,100,3.09,CA,1679363143
526,pouembout,-21.1333,164.9,29.16,53,0,4.21,NC,1679363266
527,lashio,22.9333,97.75,22.84,42,100,0.69,MM,1679363246
528,palana,59.1167,159.9667,-11.7,93,100,8.17,RU,1679363268
529,navrongo,10.8956,-1.0921,29.2,46,48,3.47,GH,1679363268
530,maluso,6.543,121.8753,29.05,70,67,0.43,PH,1679363269
531,rio gallegos,-51.6226,-69.2181,10.03,62,0,12.35,AR,1679362948
532,terekli-mekteb,44.1671,45.8698,9.34,56,97,2.17,RU,1679363270
533,komsomolets,53.7453,62.0708,-10.57,90,69,2.82,KZ,1679363270
534,ponca city,36.707,-97.0856,9.98,61,100,8.23,US,1679363271
535,lanark,55.6737,-3.7817,10.33,95,100,6.1,GB,1679363272
536,banyo,6.75,11.8167,19.92,81,100,0.27,CM,1679363272
537,kununurra,-15.7667,128.7333,31.99,58,98,4.63,AU,1679362944
538,darhan,49.4867,105.9228,-12.19,86,100,9.26,MN,1679363273
539,sao jose da coroa grande,-8.8978,-35.1478,25.65,80,98,0.75,BR,1679363274
540,humaita,-7.5061,-63.0208,22.57,98,100,1.03,BR,1679363274
541,sorong,-0.8833,131.25,28.88,72,12,1.66,ID,1679362949
542,virtsu,58.5716,23.5115,2.77,94,100,5.97,EE,1679363276
543,azad shahr,34.7909,48.5707,2.27,75,40,1.03,IR,1679363276
544,booue,-0.0921,11.9385,22.31,94,73,0.39,GA,1679363277
545,flinders,-34.5833,150.8552,21.14,80,100,0.89,AU,1679362948
546,mayo,38.8876,-76.5119,7.23,67,0,2.06,US,1679363247
547,yomou,7.5603,-9.2653,21.68,97,39,1.99,GN,1679363279
548,forbes,-33.3833,148.0167,28.84,43,100,6.09,AU,1679362947
549,san felipe,10.3399,-68.7425,21.84,92,94,2.84,VE,1679363280
550,arlit,18.7369,7.3853,24.38,48,0,4.8,NE,1679363280
551,altus,34.6381,-99.334,12.73,62,0,10.29,US,1679363281
552,raudeberg,61.9875,5.1352,2.37,73,100,2.22,NO,1679363282
553,beringovskiy,63.05,179.3167,-8.57,81,100,14.14,RU,1679362944
